 {
  "name": "WiFiConnect Lite",
  "keywords": "esp32, esp8266, https, http, wifi, connection, network, captive, portal, manager",
  "description": "This project is a fork of the 'WiFiConnect' library, which itself was based upon the largely defunct 'WiFiManager' library. It includes a number of captive portal user interface improvements and bug fixes.",
  "repository": {
    "type": "git",
    "url": "https://github.com/mrfaptastic/WiFiConnectLite.git"
  },
  "authors": {
    "name": "Faptastic",
    "url": "https://github.com/mrfaptastic/"
  },
  "version": "1.0.0",
  "frameworks": "arduino",
  "platforms": "esp8266,esp32",
  "examples": [
    "examples/BasicAutoConnectPortal/*.ino"
	]
}